{"stats":{"minecraft:killed_by":{"minecraft:player":1},"minecraft:picked_up":{"minecraft:redstone":1},"minecraft:used":{"minecraft:redstone":7,"minecraft:end_portal_frame":1,"minecraft:dragon_egg":2,"minecraft:diamond_block":115,"minecraft:redstone_block":1,"minecraft:beacon":3},"minecraft:custom":{"minecraft:jump":33,"minecraft:time_since_rest":5474,"minecraft:deaths":1,"minecraft:sprint_one_cm":6314,"minecraft:play_time":5971,"minecraft:damage_taken":256,"minecraft:time_since_death":5446,"minecraft:walk_one_cm":13206,"minecraft:sneak_time":19,"minecraft:total_world_time":5971,"minecraft:fall_one_cm":1629,"minecraft:fly_one_cm":117323}},"DataVersion":3955}