{"stats":{"minecraft:mined":{"minecraft:dandelion":1,"minecraft:dragon_head":1,"minecraft:short_grass":7,"minecraft:stone":192,"minecraft:fern":3},"minecraft:killed_by":{"minecraft:warden":5,"minecraft:player":2,"minecraft:zombie":1},"minecraft:picked_up":{"minecraft:tipped_arrow":192,"minecraft:netherite_boots":6,"minecraft:dandelion":1,"minecraft:lava_bucket":1,"minecraft:stripped_cherry_wood":128,"minecraft:dragon_head":3,"minecraft:redstone":65,"minecraft:netherite_pickaxe":2,"minecraft:netherite_leggings":5,"minecraft:elytra":1,"minecraft:firework_rocket":59,"minecraft:rotten_flesh":2,"minecraft:bow":2,"minecraft:diamond":2,"minecraft:netherite_helmet":4,"minecraft:wheat_seeds":5,"minecraft:netherite_sword":7,"minecraft:golden_apple":122,"minecraft:enchanted_golden_apple":1,"minecraft:netherite_chestplate":5,"minecraft:cobblestone":114},"minecraft:used":{"minecraft:netherite_sword":3,"minecraft:firework_rocket":40,"minecraft:red_stained_glass":1,"minecraft:redstone":7,"minecraft:netherite_chestplate":4,"minecraft:redstone_block":1,"minecraft:beacon":7,"minecraft:calibrated_sculk_sensor":7,"minecraft:sculk_sensor":22,"minecraft:netherite_boots":3,"minecraft:golden_apple":2,"minecraft:diamond_block":376,"minecraft:dragon_egg":2,"minecraft:vault":1,"minecraft:bow":5,"minecraft:cobblestone":21,"minecraft:black_stained_glass":2,"minecraft:netherite_leggings":4,"minecraft:netherite_pickaxe":192,"minecraft:netherite_helmet":3,"minecraft:end_portal_frame":1,"minecraft:stripped_cherry_wood":20,"minecraft:dragon_head":1,"minecraft:enchanted_golden_apple":1},"minecraft:custom":{"minecraft:time_since_rest":8217,"minecraft:damage_absorbed":200,"minecraft:sprint_one_cm":116504,"minecraft:damage_taken":2957,"minecraft:walk_one_cm":89672,"minecraft:interact_with_anvil":3,"minecraft:drop":11,"minecraft:damage_dealt":377,"minecraft:interact_with_beacon":10,"minecraft:fly_one_cm":252905,"minecraft:crouch_one_cm":78,"minecraft:play_time":41971,"minecraft:deaths":9,"minecraft:sneak_time":56,"minecraft:aviate_one_cm":493863,"minecraft:jump":555,"minecraft:time_since_death":8191,"minecraft:total_world_time":41971,"minecraft:damage_resisted":148,"minecraft:fall_one_cm":15091},"minecraft:dropped":{"minecraft:netherite_pickaxe":2,"minecraft:netherite_helmet":1,"minecraft:netherite_sword":1,"minecraft:netherite_chestplate":1,"minecraft:netherite_boots":1,"minecraft:rotten_flesh":2,"minecraft:golden_apple":62,"minecraft:netherite_leggings":1,"minecraft:dandelion":1}},"DataVersion":3955}