{"stats":{"minecraft:used":{"minecraft:rotten_flesh":4,"minecraft:torch":1,"ecologics:coconut_slice":2,"marbledsarsenal:police_baton":4},"minecraft:dropped":{"minecraft:rotten_flesh":3,"pointblank:m1911a1":3,"ecologics:coconut_husk":2,"pointblank:gunmetal_nugget":4,"marbledsarsenal:cm6m_gas_mask":2},"minecraft:killed":{"minecraft:zombie":3,"hordes:zombie_player":1},"minecraft:mined":{"minecraft:grass":2,"minecraft:wall_torch":1},"minecraft:picked_up":{"pointblank:m1911a1":3,"minecraft:rotten_flesh":15,"ecologics:coconut_slice":2,"minecraft:torch":1,"pointblank:gunmetal_nugget":7,"minecraft:stone_pickaxe":1,"minecraft:gunpowder":4,"marbledsarsenal:cm6m_gas_mask":2},"minecraft:killed_by":{"minecraft:zombie":1,"minecraft:player":1},"minecraft:custom":{"minecraft:time_since_rest":11802,"minecraft:crouch_one_cm":161,"minecraft:play_time":21851,"minecraft:sprint_one_cm":30258,"minecraft:deaths":2,"minecraft:damage_taken":830,"minecraft:walk_one_cm":39564,"minecraft:sneak_time":20,"minecraft:walk_under_water_one_cm":3566,"minecraft:mob_kills":4,"minecraft:drop":13,"minecraft:jump":226,"minecraft:damage_dealt":389,"minecraft:leave_game":1,"minecraft:time_since_death":11776,"minecraft:walk_on_water_one_cm":18001,"minecraft:climb_one_cm":0,"minecraft:total_world_time":21851,"minecraft:swim_one_cm":2127,"minecraft:fall_one_cm":6273,"minecraft:fly_one_cm":32107}},"DataVersion":3465}