{"stats":{"minecraft:mined":{"minecraft:sculk_vein":1,"minecraft:dandelion":1,"minecraft:short_grass":7,"minecraft:sculk":31,"minecraft:dragon_head":1,"minecraft:stone":192,"minecraft:fern":3},"minecraft:killed_by":{"minecraft:player":3,"minecraft:warden":7,"minecraft:zombie":1},"minecraft:killed":{"minecraft:ravager":9,"minecraft:wither":1,"minecraft:zombie":2,"minecraft:wither_skeleton":2},"minecraft:picked_up":{"minecraft:netherite_boots":7,"minecraft:feather":2,"minecraft:purple_wool":192,"minecraft:creeper_head":1,"minecraft:magenta_carpet":128,"minecraft:orange_carpet":64,"minecraft:pink_wool":128,"minecraft:enchanted_book":3,"minecraft:dragon_head":4,"minecraft:cornflower":5,"minecraft:netherite_leggings":6,"minecraft:dirt":205,"minecraft:elytra":2,"minecraft:purple_carpet":192,"minecraft:red_carpet":64,"minecraft:white_carpet":576,"minecraft:bone":1,"minecraft:bow":3,"minecraft:wheat_seeds":7,"minecraft:netherite_sword":9,"minecraft:rabbit":1,"minecraft:enchanted_golden_apple":236,"minecraft:blue_wool":64,"minecraft:sculk_catalyst":2,"minecraft:tipped_arrow":390,"minecraft:stick":4,"minecraft:raw_iron":4,"minecraft:dandelion":5,"minecraft:lava_bucket":3,"minecraft:stripped_cherry_wood":128,"minecraft:spruce_sapling":3,"minecraft:spruce_log":2,"minecraft:redstone":65,"minecraft:netherite_pickaxe":3,"minecraft:red_terracotta":64,"minecraft:blue_carpet":64,"minecraft:brown_carpet":64,"minecraft:yellow_carpet":128,"minecraft:firework_rocket":59,"minecraft:arrow":9,"minecraft:rotten_flesh":3,"minecraft:diamond":2,"minecraft:netherite_helmet":4,"minecraft:deepslate_bricks":346,"minecraft:golden_apple":122,"minecraft:saddle":2,"minecraft:netherite_chestplate":7,"minecraft:coal":1,"minecraft:snowball":414,"minecraft:nether_star":1,"minecraft:cobblestone":255},"minecraft:custom":{"minecraft:mob_kills":15,"minecraft:interact_with_anvil":4,"minecraft:leave_game":1,"minecraft:time_since_death":23201,"minecraft:damage_resisted":1816,"minecraft:time_since_rest":23231,"minecraft:sprint_one_cm":188946,"minecraft:walk_one_cm":165870,"minecraft:damage_taken":6223,"minecraft:damage_absorbed":3348,"minecraft:drop":14,"minecraft:damage_dealt":5041,"minecraft:interact_with_beacon":10,"minecraft:damage_dealt_absorbed":2,"minecraft:swim_one_cm":2555,"minecraft:fly_one_cm":563440,"minecraft:crouch_one_cm":110,"minecraft:play_time":78874,"minecraft:deaths":13,"minecraft:sneak_time":318,"minecraft:walk_under_water_one_cm":817,"minecraft:aviate_one_cm":497906,"minecraft:jump":1026,"minecraft:walk_on_water_one_cm":1768,"minecraft:total_world_time":78874,"minecraft:fall_one_cm":29565},"minecraft:used":{"minecraft:netherite_sword":83,"minecraft:flint_and_steel":1,"minecraft:wither_skeleton_skull":11,"minecraft:carved_pumpkin":9,"minecraft:red_stained_glass":1,"minecraft:netherite_chestplate":6,"minecraft:redstone":7,"minecraft:elytra":1,"minecraft:redstone_block":1,"minecraft:sniffer_egg":4,"minecraft:beacon":7,"minecraft:vex_spawn_egg":16,"minecraft:calibrated_sculk_sensor":7,"minecraft:snow_golem_spawn_egg":91,"minecraft:deepslate_bricks":36,"minecraft:sculk_sensor":22,"minecraft:golden_apple":2,"minecraft:dragon_egg":2,"minecraft:diamond_block":376,"minecraft:soul_sand":20,"minecraft:netherite_leggings":5,"minecraft:tnt":422,"minecraft:strider_spawn_egg":21,"minecraft:netherite_helmet":3,"minecraft:stripped_cherry_wood":20,"minecraft:snowball":29,"minecraft:warden_spawn_egg":16,"minecraft:ravager_spawn_egg":12,"minecraft:lava_bucket":1,"minecraft:firework_rocket":40,"minecraft:iron_block":36,"minecraft:netherite_boots":3,"minecraft:sniffer_spawn_egg":2,"minecraft:vault":1,"minecraft:cobblestone":21,"minecraft:bow":49,"minecraft:black_stained_glass":2,"minecraft:netherite_pickaxe":192,"minecraft:end_portal_frame":1,"minecraft:dragon_head":1,"minecraft:enchanted_golden_apple":21},"minecraft:dropped":{"minecraft:netherite_pickaxe":2,"minecraft:wheat_seeds":1,"minecraft:netherite_sword":1,"minecraft:netherite_chestplate":1,"minecraft:netherite_helmet":1,"minecraft:white_carpet":64,"minecraft:rotten_flesh":2,"minecraft:golden_apple":62,"minecraft:netherite_leggings":1,"minecraft:flint_and_steel":1,"minecraft:netherite_boots":1,"minecraft:dandelion":1}},"DataVersion":3955}