{"stats":{"minecraft:mined":{"minecraft:stone":192},"minecraft:killed_by":{"minecraft:player":1},"minecraft:picked_up":{"minecraft:diamond":2,"minecraft:wheat_seeds":1,"minecraft:redstone":1,"minecraft:netherite_pickaxe":2,"minecraft:cobblestone":114},"minecraft:used":{"minecraft:vault":1,"minecraft:dragon_egg":2,"minecraft:diamond_block":376,"minecraft:cobblestone":21,"minecraft:black_stained_glass":2,"minecraft:red_stained_glass":1,"minecraft:redstone":7,"minecraft:netherite_pickaxe":192,"minecraft:end_portal_frame":1,"minecraft:redstone_block":1,"minecraft:beacon":7},"minecraft:custom":{"minecraft:time_since_rest":17474,"minecraft:play_time":17971,"minecraft:sprint_one_cm":41113,"minecraft:walk_one_cm":48970,"minecraft:damage_taken":284,"minecraft:deaths":1,"minecraft:sneak_time":21,"minecraft:drop":2,"minecraft:jump":193,"minecraft:damage_dealt":24,"minecraft:time_since_death":17446,"minecraft:interact_with_beacon":10,"minecraft:total_world_time":17971,"minecraft:damage_resisted":2,"minecraft:fall_one_cm":4874,"minecraft:fly_one_cm":167815},"minecraft:dropped":{"minecraft:netherite_pickaxe":2}},"DataVersion":3955}