{"stats":{"minecraft:mined":{"minecraft:dandelion":1,"minecraft:dragon_head":1,"minecraft:short_grass":7,"minecraft:stone":192,"minecraft:fern":3},"minecraft:killed_by":{"minecraft:warden":4,"minecraft:player":2,"minecraft:zombie":1},"minecraft:picked_up":{"minecraft:tipped_arrow":192,"minecraft:netherite_boots":4,"minecraft:dandelion":1,"minecraft:lava_bucket":1,"minecraft:stripped_cherry_wood":128,"minecraft:dragon_head":3,"minecraft:redstone":65,"minecraft:netherite_pickaxe":2,"minecraft:netherite_leggings":4,"minecraft:rotten_flesh":2,"minecraft:bow":1,"minecraft:diamond":2,"minecraft:netherite_helmet":3,"minecraft:wheat_seeds":5,"minecraft:netherite_sword":6,"minecraft:golden_apple":122,"minecraft:enchanted_golden_apple":1,"minecraft:netherite_chestplate":4,"minecraft:cobblestone":114},"minecraft:used":{"minecraft:netherite_sword":2,"minecraft:red_stained_glass":1,"minecraft:redstone":7,"minecraft:netherite_chestplate":4,"minecraft:redstone_block":1,"minecraft:beacon":7,"minecraft:calibrated_sculk_sensor":7,"minecraft:sculk_sensor":22,"minecraft:netherite_boots":3,"minecraft:golden_apple":2,"minecraft:diamond_block":376,"minecraft:dragon_egg":2,"minecraft:vault":1,"minecraft:bow":5,"minecraft:cobblestone":21,"minecraft:black_stained_glass":2,"minecraft:netherite_leggings":4,"minecraft:netherite_pickaxe":192,"minecraft:netherite_helmet":3,"minecraft:end_portal_frame":1,"minecraft:stripped_cherry_wood":15,"minecraft:dragon_head":1,"minecraft:enchanted_golden_apple":1},"minecraft:custom":{"minecraft:time_since_rest":4194,"minecraft:damage_absorbed":200,"minecraft:sprint_one_cm":95481,"minecraft:damage_taken":2366,"minecraft:walk_one_cm":81733,"minecraft:drop":11,"minecraft:damage_dealt":297,"minecraft:interact_with_beacon":10,"minecraft:fly_one_cm":212147,"minecraft:play_time":29971,"minecraft:deaths":7,"minecraft:sneak_time":25,"minecraft:jump":445,"minecraft:time_since_death":4169,"minecraft:total_world_time":29971,"minecraft:damage_resisted":62,"minecraft:fall_one_cm":10855},"minecraft:dropped":{"minecraft:netherite_pickaxe":2,"minecraft:netherite_helmet":1,"minecraft:netherite_sword":1,"minecraft:netherite_chestplate":1,"minecraft:netherite_boots":1,"minecraft:rotten_flesh":2,"minecraft:golden_apple":62,"minecraft:netherite_leggings":1,"minecraft:dandelion":1}},"DataVersion":3955}