{"stats":{"minecraft:mined":{"minecraft:sculk_vein":1,"minecraft:dandelion":1,"minecraft:short_grass":7,"minecraft:sculk":31,"minecraft:dragon_head":1,"minecraft:stone":192,"minecraft:fern":3},"minecraft:killed_by":{"minecraft:player":3,"minecraft:warden":6,"minecraft:zombie":1},"minecraft:picked_up":{"minecraft:netherite_boots":7,"minecraft:creeper_head":1,"minecraft:enchanted_book":3,"minecraft:dragon_head":4,"minecraft:netherite_leggings":6,"minecraft:dirt":1,"minecraft:elytra":2,"minecraft:bow":3,"minecraft:wheat_seeds":5,"minecraft:netherite_sword":9,"minecraft:enchanted_golden_apple":236,"minecraft:sculk_catalyst":2,"minecraft:tipped_arrow":390,"minecraft:raw_iron":4,"minecraft:dandelion":1,"minecraft:lava_bucket":3,"minecraft:stripped_cherry_wood":128,"minecraft:redstone":65,"minecraft:netherite_pickaxe":3,"minecraft:firework_rocket":59,"minecraft:arrow":9,"minecraft:rotten_flesh":2,"minecraft:diamond":2,"minecraft:netherite_helmet":4,"minecraft:deepslate_bricks":346,"minecraft:golden_apple":122,"minecraft:netherite_chestplate":7,"minecraft:cobblestone":242},"minecraft:custom":{"minecraft:interact_with_anvil":4,"minecraft:time_since_death":4111,"minecraft:damage_resisted":1716,"minecraft:time_since_rest":4137,"minecraft:sprint_one_cm":174606,"minecraft:walk_one_cm":131287,"minecraft:damage_taken":5667,"minecraft:damage_absorbed":3348,"minecraft:drop":11,"minecraft:damage_dealt":731,"minecraft:interact_with_beacon":10,"minecraft:damage_dealt_absorbed":2,"minecraft:swim_one_cm":2555,"minecraft:fly_one_cm":333055,"minecraft:crouch_one_cm":78,"minecraft:play_time":53971,"minecraft:deaths":11,"minecraft:sneak_time":56,"minecraft:walk_under_water_one_cm":817,"minecraft:aviate_one_cm":497906,"minecraft:jump":870,"minecraft:walk_on_water_one_cm":1768,"minecraft:total_world_time":53971,"minecraft:fall_one_cm":28218},"minecraft:used":{"minecraft:netherite_sword":11,"minecraft:red_stained_glass":1,"minecraft:netherite_chestplate":6,"minecraft:redstone":7,"minecraft:elytra":1,"minecraft:redstone_block":1,"minecraft:beacon":7,"minecraft:calibrated_sculk_sensor":7,"minecraft:deepslate_bricks":36,"minecraft:sculk_sensor":22,"minecraft:golden_apple":2,"minecraft:dragon_egg":2,"minecraft:diamond_block":376,"minecraft:netherite_leggings":5,"minecraft:netherite_helmet":3,"minecraft:stripped_cherry_wood":20,"minecraft:lava_bucket":1,"minecraft:firework_rocket":40,"minecraft:netherite_boots":3,"minecraft:vault":1,"minecraft:cobblestone":21,"minecraft:bow":49,"minecraft:black_stained_glass":2,"minecraft:netherite_pickaxe":192,"minecraft:end_portal_frame":1,"minecraft:dragon_head":1,"minecraft:enchanted_golden_apple":21},"minecraft:dropped":{"minecraft:netherite_pickaxe":2,"minecraft:netherite_sword":1,"minecraft:netherite_chestplate":1,"minecraft:netherite_helmet":1,"minecraft:rotten_flesh":2,"minecraft:golden_apple":62,"minecraft:netherite_leggings":1,"minecraft:netherite_boots":1,"minecraft:dandelion":1}},"DataVersion":3955}