{"stats":{"minecraft:used":{"minecraft:rotten_flesh":3,"ecologics:coconut_slice":2,"marbledsarsenal:police_baton":1},"minecraft:dropped":{"minecraft:rotten_flesh":3,"pointblank:m1911a1":3,"ecologics:coconut_husk":2,"pointblank:gunmetal_nugget":4,"marbledsarsenal:cm6m_gas_mask":2},"minecraft:killed":{"minecraft:zombie":3,"hordes:zombie_player":1},"minecraft:picked_up":{"pointblank:m1911a1":3,"minecraft:rotten_flesh":7,"ecologics:coconut_slice":2,"pointblank:gunmetal_nugget":4,"minecraft:stone_pickaxe":1,"minecraft:gunpowder":2,"marbledsarsenal:cm6m_gas_mask":2},"minecraft:custom":{"minecraft:time_since_rest":7890,"minecraft:crouch_one_cm":97,"minecraft:play_time":7890,"minecraft:sprint_one_cm":19430,"minecraft:damage_taken":178,"minecraft:walk_one_cm":21014,"minecraft:sneak_time":12,"minecraft:walk_under_water_one_cm":3040,"minecraft:mob_kills":4,"minecraft:drop":13,"minecraft:jump":132,"minecraft:damage_dealt":49,"minecraft:time_since_death":7890,"minecraft:walk_on_water_one_cm":16133,"minecraft:climb_one_cm":0,"minecraft:total_world_time":7890,"minecraft:swim_one_cm":2127,"minecraft:fall_one_cm":2312,"minecraft:fly_one_cm":16884}},"DataVersion":3465}