{"stats":{"minecraft:custom":{"minecraft:jump":41,"minecraft:time_since_rest":2429,"minecraft:damage_dealt":15,"minecraft:leave_game":1,"minecraft:sprint_one_cm":2472,"minecraft:play_time":2429,"minecraft:damage_taken":50,"minecraft:time_since_death":2429,"minecraft:walk_one_cm":4819,"minecraft:total_world_time":2429,"minecraft:fall_one_cm":2330,"minecraft:fly_one_cm":7081},"minecraft:mined":{"minecraft:short_grass":2,"minecraft:grass_block":14,"minecraft:dandelion":1},"minecraft:picked_up":{"minecraft:dandelion":1,"minecraft:dirt":15}},"DataVersion":3955}