{"stats":{"minecraft:dropped":{"minecraft:snow_block":1},"minecraft:custom":{"minecraft:jump":31,"minecraft:time_since_rest":3301,"minecraft:leave_game":1,"minecraft:damage_dealt":10,"minecraft:crouch_one_cm":345,"minecraft:sprint_one_cm":1045,"minecraft:play_time":3301,"minecraft:damage_taken":15,"minecraft:time_since_death":3301,"minecraft:walk_one_cm":4974,"minecraft:sneak_time":142,"minecraft:total_world_time":3301,"minecraft:fall_one_cm":209,"minecraft:drop":1,"minecraft:fly_one_cm":11321},"minecraft:used":{"minecraft:dirt":7,"minecraft:dandelion":1},"minecraft:mined":{"minecraft:grass_block":6,"minecraft:dirt":2},"minecraft:picked_up":{"minecraft:dandelion":1,"minecraft:wheat_seeds":1,"minecraft:dirt":7}},"DataVersion":3955}