{"stats":{"minecraft:used":{"minecraft:bread":7,"minecraft:stone_pickaxe":24,"minecraft:wooden_pickaxe":16,"marbledsarsenal:police_baton":44,"minecraft:torch":1,"minecraft:cobblestone":1,"minecraft:crafting_table":1,"minecraft:acacia_planks":2},"minecraft:crafted":{"minecraft:crafting_table":1,"minecraft:stick":4,"minecraft:wooden_pickaxe":1,"minecraft:stone_pickaxe":1,"minecraft:acacia_planks":12,"minecraft:torch":4},"minecraft:killed":{"alexsmobs:gelada_monkey":2,"minecraft:zombie":12,"hordes:zombie_player":1,"minecraft:zombie_villager":1},"minecraft:mined":{"minecraft:acacia_leaves":1,"projectvibrantjourneys:rocks":2,"minecraft:grass":1,"projectvibrantjourneys:twigs":1,"minecraft:acacia_log":3,"minecraft:coal_ore":17,"projectvibrantjourneys:short_grass":2,"minecraft:stone":23},"minecraft:picked_up":{"minecraft:stick":2,"minecraft:leather_chestplate":1,"marbledsarsenal:police_baton":1,"minecraft:acacia_log":3,"minecraft:wooden_pickaxe":1,"pointblank:gunmetal_nugget":7,"minecraft:gunpowder":3,"marbledsarsenal:cm6m_gas_mask":1,"pointblank:m1911a1":1,"minecraft:leather_boots":1,"minecraft:rotten_flesh":16,"minecraft:acacia_planks":3,"minecraft:wheat_seeds":1,"minecraft:bread":9,"minecraft:coal":34,"minecraft:phantom_membrane":1,"minecraft:cobblestone":31,"minecraft:ender_pearl":1},"minecraft:killed_by":{"minecraft:zombie":1},"minecraft:custom":{"minecraft:time_since_rest":19389,"minecraft:sprint_one_cm":14593,"minecraft:damage_taken":528,"minecraft:walk_one_cm":70963,"minecraft:mob_kills":16,"minecraft:damage_dealt":1812,"minecraft:interact_with_crafting_table":7,"minecraft:fly_one_cm":56451,"minecraft:player_kills":1,"minecraft:crouch_one_cm":2901,"minecraft:play_time":32868,"minecraft:deaths":1,"minecraft:sneak_time":2444,"minecraft:walk_under_water_one_cm":51,"minecraft:jump":233,"minecraft:leave_game":2,"minecraft:time_since_death":18989,"minecraft:walk_on_water_one_cm":2196,"minecraft:total_world_time":32868,"minecraft:fall_one_cm":2357}},"DataVersion":3465}