{"stats":{"minecraft:mined":{"minecraft:grass_block":6,"minecraft:dirt":2},"minecraft:killed":{"minecraft:skeleton":1,"minecraft:fox":1},"minecraft:picked_up":{"minecraft:arrow":2,"minecraft:dandelion":1,"minecraft:wheat_seeds":1,"minecraft:dragon_breath":1,"minecraft:dirt":7},"minecraft:used":{"minecraft:enderman_spawn_egg":22,"minecraft:netherite_sword":2,"minecraft:dirt":7,"minecraft:snow":2,"minecraft:lime_stained_glass":23,"minecraft:donkey_spawn_egg":18,"minecraft:stone":4,"minecraft:dandelion":1},"minecraft:custom":{"minecraft:time_since_rest":28575,"minecraft:crouch_one_cm":418,"minecraft:play_time":28575,"minecraft:sprint_one_cm":16597,"minecraft:damage_taken":15,"minecraft:walk_one_cm":15841,"minecraft:sneak_time":415,"minecraft:walk_under_water_one_cm":150,"minecraft:mob_kills":2,"minecraft:drop":3,"minecraft:jump":281,"minecraft:damage_dealt":362,"minecraft:leave_game":8,"minecraft:walk_on_water_one_cm":274,"minecraft:time_since_death":28575,"minecraft:total_world_time":28575,"minecraft:swim_one_cm":1819,"minecraft:player_kills":1,"minecraft:fall_one_cm":209,"minecraft:fly_one_cm":348540},"minecraft:dropped":{"minecraft:snow_block":1,"minecraft:arrow":2,"minecraft:dragon_breath":1}},"DataVersion":3955}