{"stats":{"minecraft:used":{"minecraft:crafting_table":1,"minecraft:stone_pickaxe":24,"minecraft:wooden_pickaxe":4,"marbledsarsenal:police_baton":7},"minecraft:killed":{"minecraft:zombie_villager":1},"minecraft:crafted":{"minecraft:acacia_planks":12,"minecraft:crafting_table":1,"minecraft:stick":4,"minecraft:wooden_pickaxe":1,"minecraft:stone_pickaxe":1},"minecraft:mined":{"minecraft:acacia_log":3,"minecraft:grass":1,"projectvibrantjourneys:twigs":1,"minecraft:coal_ore":17,"projectvibrantjourneys:short_grass":2,"minecraft:acacia_leaves":1,"minecraft:stone":11,"projectvibrantjourneys:rocks":2},"minecraft:picked_up":{"minecraft:stick":1,"minecraft:rotten_flesh":2,"minecraft:acacia_log":3,"minecraft:coal":17,"minecraft:cobblestone":11},"minecraft:custom":{"minecraft:time_since_rest":13336,"minecraft:crouch_one_cm":1400,"minecraft:damage_taken":44,"minecraft:sprint_one_cm":221,"minecraft:play_time":13336,"minecraft:walk_one_cm":35065,"minecraft:sneak_time":934,"minecraft:mob_kills":1,"minecraft:jump":73,"minecraft:damage_dealt":199,"minecraft:leave_game":1,"minecraft:time_since_death":13336,"minecraft:total_world_time":13336,"minecraft:interact_with_crafting_table":7,"minecraft:fall_one_cm":418,"minecraft:fly_one_cm":260}},"DataVersion":3465}