{"stats":{"minecraft:crafted":{"minecraft:diamond":9},"minecraft:mined":{"minecraft:short_grass":2,"minecraft:grass_block":6,"minecraft:spruce_leaves":1,"minecraft:iron_ore":4,"minecraft:dirt":2,"minecraft:stone":213,"minecraft:fern":2},"minecraft:killed_by":{"minecraft:warden":1},"minecraft:killed":{"minecraft:zombie_villager":1,"minecraft:spider":2,"minecraft:ravager":3,"minecraft:skeleton":6,"minecraft:zombie":2,"minecraft:fox":1,"minecraft:warden":2,"minecraft:enderman":1},"minecraft:picked_up":{"minecraft:netherite_boots":1,"minecraft:magenta_carpet":256,"minecraft:beacon":64,"minecraft:enchanted_book":8,"minecraft:dragon_head":1,"minecraft:cornflower":2,"minecraft:dragon_breath":1,"minecraft:netherite_leggings":1,"minecraft:string":1,"minecraft:dirt":32,"minecraft:flint_and_steel":1,"minecraft:purple_carpet":256,"minecraft:bone":3,"minecraft:bow":1,"minecraft:wheat_seeds":6,"minecraft:netherite_sword":3,"minecraft:bucket":1,"minecraft:ender_eye":64,"minecraft:enchanted_golden_apple":174,"minecraft:pitcher_pod":1,"minecraft:tipped_arrow":215,"minecraft:sculk_catalyst":2,"minecraft:raw_iron":4,"minecraft:dandelion":3,"minecraft:pink_carpet":256,"minecraft:spruce_sapling":1,"minecraft:blue_carpet":128,"minecraft:redstone":64,"minecraft:netherite_pickaxe":2,"minecraft:red_terracotta":256,"minecraft:spider_eye":1,"minecraft:arrow":12,"minecraft:rotten_flesh":2,"minecraft:diamond":71,"minecraft:netherite_helmet":1,"minecraft:deepslate_bricks":156,"minecraft:yellow_terracotta":64,"minecraft:golden_apple":126,"minecraft:saddle":1,"minecraft:netherite_chestplate":1,"minecraft:snowball":64,"minecraft:cobblestone":207},"minecraft:custom":{"minecraft:interact_with_anvil":13,"minecraft:mob_kills":19,"minecraft:leave_game":9,"minecraft:time_since_death":25272,"minecraft:damage_resisted":195,"minecraft:time_since_rest":25486,"minecraft:sprint_one_cm":67249,"minecraft:damage_taken":688,"minecraft:walk_one_cm":100263,"minecraft:damage_absorbed":227,"minecraft:drop":119,"minecraft:damage_dealt":8378,"minecraft:interact_with_beacon":7,"minecraft:damage_dealt_absorbed":6,"minecraft:swim_one_cm":1819,"minecraft:fly_one_cm":870115,"minecraft:player_kills":3,"minecraft:crouch_one_cm":3622,"minecraft:play_time":101335,"minecraft:deaths":1,"minecraft:sneak_time":2566,"minecraft:walk_under_water_one_cm":150,"minecraft:jump":1014,"minecraft:aviate_one_cm":252707,"minecraft:walk_on_water_one_cm":274,"minecraft:total_world_time":101335,"minecraft:fall_one_cm":11551},"minecraft:used":{"minecraft:chiseled_bookshelf":1,"minecraft:netherite_sword":90,"minecraft:flint_and_steel":16,"minecraft:wither_skeleton_skull":10,"minecraft:netherite_chestplate":1,"minecraft:elytra":1,"minecraft:donkey_spawn_egg":19,"minecraft:wither_skeleton_spawn_egg":16,"minecraft:stone":5,"minecraft:sniffer_egg":1,"minecraft:beacon":3,"minecraft:calibrated_sculk_sensor":7,"minecraft:deepslate_bricks":2,"minecraft:golden_apple":4,"minecraft:diamond_block":193,"minecraft:soul_sand":12,"minecraft:dirt":9,"minecraft:anvil":65,"minecraft:tnt":218,"minecraft:strider_spawn_egg":5,"minecraft:spruce_log":1,"minecraft:warden_spawn_egg":4,"minecraft:enderman_spawn_egg":22,"minecraft:ravager_spawn_egg":197,"minecraft:firework_rocket":11,"minecraft:grass_block":1,"minecraft:bow":20,"minecraft:snow":2,"minecraft:cobblestone":5,"minecraft:lime_stained_glass":23,"minecraft:netherite_pickaxe":217,"minecraft:dandelion":1,"minecraft:enchanted_golden_apple":3},"minecraft:dropped":{"minecraft:snow_block":1,"minecraft:enchanted_book":7,"minecraft:soul_sand":1,"minecraft:netherite_pickaxe":2,"minecraft:magenta_carpet":576,"minecraft:dragon_head":1,"minecraft:diamond":9,"minecraft:blue_wool":64,"minecraft:netherite_sword":3,"minecraft:pitcher_pod":1,"minecraft:netherite_helmet":2,"minecraft:netherite_chestplate":3,"minecraft:yellow_terracotta":128,"minecraft:white_carpet":576,"minecraft:pink_carpet":384,"minecraft:enchanted_golden_apple":65,"minecraft:chiseled_bookshelf":1,"minecraft:stripped_cherry_wood":128,"minecraft:elytra":1,"minecraft:red_terracotta":576,"minecraft:dragon_breath":2,"minecraft:yellow_carpet":128,"minecraft:golden_apple":186,"minecraft:netherite_leggings":2,"minecraft:red_carpet":64,"minecraft:deepslate_bricks":192,"minecraft:lava_bucket":3,"minecraft:tipped_arrow":192,"minecraft:orange_carpet":64,"minecraft:pink_wool":128,"minecraft:netherite_boots":3,"minecraft:brown_carpet":64,"minecraft:arrow":2,"minecraft:bow":2,"minecraft:purple_wool":192,"minecraft:blue_carpet":256,"minecraft:purple_carpet":576,"minecraft:redstone":64,"minecraft:firework_rocket":59}},"DataVersion":3955}