{"stats":{"minecraft:used":{"minecraft:crafting_table":1},"minecraft:crafted":{"minecraft:crafting_table":1,"minecraft:stick":4,"minecraft:acacia_planks":8},"minecraft:mined":{"minecraft:grass":1,"projectvibrantjourneys:twigs":1,"minecraft:acacia_log":3,"minecraft:acacia_leaves":1,"projectvibrantjourneys:short_grass":1,"projectvibrantjourneys:rocks":1},"minecraft:picked_up":{"minecraft:stick":1,"minecraft:acacia_log":3},"minecraft:custom":{"minecraft:jump":42,"minecraft:time_since_rest":6259,"minecraft:crouch_one_cm":216,"minecraft:play_time":6259,"minecraft:time_since_death":6259,"minecraft:walk_one_cm":18716,"minecraft:sneak_time":124,"minecraft:total_world_time":6259,"minecraft:fall_one_cm":418,"minecraft:interact_with_crafting_table":3,"minecraft:fly_one_cm":162}},"DataVersion":3465}