{"stats":{"minecraft:killed":{"minecraft:skeleton":1},"minecraft:mined":{"minecraft:grass_block":6,"minecraft:dirt":2},"minecraft:used":{"minecraft:dirt":7,"minecraft:snow":2,"minecraft:lime_stained_glass":23,"minecraft:donkey_spawn_egg":18,"minecraft:dandelion":1},"minecraft:dropped":{"minecraft:snow_block":1,"minecraft:arrow":2},"minecraft:picked_up":{"minecraft:arrow":2,"minecraft:wheat_seeds":1,"minecraft:dandelion":1,"minecraft:dirt":7},"minecraft:custom":{"minecraft:time_since_rest":16185,"minecraft:crouch_one_cm":389,"minecraft:play_time":16185,"minecraft:sprint_one_cm":10995,"minecraft:damage_taken":15,"minecraft:walk_one_cm":12162,"minecraft:sneak_time":215,"minecraft:walk_under_water_one_cm":150,"minecraft:mob_kills":1,"minecraft:drop":2,"minecraft:jump":190,"minecraft:damage_dealt":135,"minecraft:leave_game":5,"minecraft:walk_on_water_one_cm":274,"minecraft:time_since_death":16185,"minecraft:total_world_time":16185,"minecraft:swim_one_cm":1819,"minecraft:fall_one_cm":209,"minecraft:fly_one_cm":131088}},"DataVersion":3955}