{"stats":{"minecraft:mined":{"minecraft:grass_block":6,"minecraft:dirt":2},"minecraft:killed":{"minecraft:skeleton":1},"minecraft:picked_up":{"minecraft:arrow":2,"minecraft:dandelion":1,"minecraft:wheat_seeds":1,"minecraft:dirt":7},"minecraft:used":{"minecraft:dirt":7,"minecraft:snow":2,"minecraft:lime_stained_glass":23,"minecraft:donkey_spawn_egg":18,"minecraft:stone":4,"minecraft:dandelion":1},"minecraft:custom":{"minecraft:time_since_rest":22609,"minecraft:crouch_one_cm":389,"minecraft:play_time":22609,"minecraft:sprint_one_cm":14433,"minecraft:damage_taken":15,"minecraft:walk_one_cm":13310,"minecraft:sneak_time":298,"minecraft:walk_under_water_one_cm":150,"minecraft:mob_kills":1,"minecraft:drop":2,"minecraft:jump":234,"minecraft:damage_dealt":135,"minecraft:leave_game":8,"minecraft:walk_on_water_one_cm":274,"minecraft:time_since_death":22609,"minecraft:total_world_time":22609,"minecraft:swim_one_cm":1819,"minecraft:fall_one_cm":209,"minecraft:fly_one_cm":206866},"minecraft:dropped":{"minecraft:snow_block":1,"minecraft:arrow":2}},"DataVersion":3955}