{"stats":{"minecraft:mined":{"minecraft:iron_ore":4,"minecraft:grass_block":6,"minecraft:dirt":2,"minecraft:stone":213},"minecraft:crafted":{"minecraft:diamond":9},"minecraft:killed":{"minecraft:skeleton":2,"minecraft:zombie":1,"minecraft:fox":1},"minecraft:picked_up":{"minecraft:raw_iron":4,"minecraft:dandelion":2,"minecraft:dragon_breath":1,"minecraft:netherite_pickaxe":2,"minecraft:dirt":7,"minecraft:bone":1,"minecraft:arrow":2,"minecraft:diamond":8,"minecraft:wheat_seeds":2,"minecraft:cobblestone":139},"minecraft:used":{"minecraft:enderman_spawn_egg":22,"minecraft:netherite_sword":4,"minecraft:donkey_spawn_egg":18,"minecraft:stone":5,"minecraft:beacon":3,"minecraft:cobblestone":5,"minecraft:diamond_block":193,"minecraft:dirt":9,"minecraft:anvil":2,"minecraft:snow":2,"minecraft:lime_stained_glass":23,"minecraft:netherite_pickaxe":217,"minecraft:dandelion":1,"minecraft:spruce_log":1},"minecraft:custom":{"minecraft:time_since_rest":40575,"minecraft:sprint_one_cm":26419,"minecraft:walk_one_cm":34495,"minecraft:damage_taken":39,"minecraft:mob_kills":4,"minecraft:interact_with_anvil":1,"minecraft:drop":15,"minecraft:damage_dealt":480,"minecraft:interact_with_beacon":7,"minecraft:swim_one_cm":1819,"minecraft:fly_one_cm":416594,"minecraft:player_kills":1,"minecraft:crouch_one_cm":558,"minecraft:play_time":40575,"minecraft:sneak_time":621,"minecraft:walk_under_water_one_cm":150,"minecraft:jump":433,"minecraft:leave_game":8,"minecraft:time_since_death":40575,"minecraft:walk_on_water_one_cm":274,"minecraft:total_world_time":40575,"minecraft:damage_resisted":6,"minecraft:fall_one_cm":3318},"minecraft:dropped":{"minecraft:snow_block":1,"minecraft:netherite_pickaxe":2,"minecraft:diamond":9,"minecraft:arrow":2,"minecraft:dragon_breath":2}},"DataVersion":3955}