{"stats":{"minecraft:mined":{"minecraft:iron_ore":4,"minecraft:grass_block":6,"minecraft:dirt":2,"minecraft:spruce_leaves":1,"minecraft:stone":213,"minecraft:fern":2},"minecraft:crafted":{"minecraft:diamond":9},"minecraft:killed":{"minecraft:skeleton":3,"minecraft:zombie":1,"minecraft:fox":1,"minecraft:warden":1,"minecraft:enderman":1},"minecraft:picked_up":{"minecraft:raw_iron":4,"minecraft:beacon":64,"minecraft:dandelion":3,"minecraft:enchanted_book":5,"minecraft:dragon_head":1,"minecraft:dragon_breath":1,"minecraft:redstone":64,"minecraft:netherite_pickaxe":2,"minecraft:dirt":8,"minecraft:rotten_flesh":2,"minecraft:bone":3,"minecraft:arrow":3,"minecraft:diamond":71,"minecraft:wheat_seeds":4,"minecraft:netherite_sword":1,"minecraft:golden_apple":126,"minecraft:ender_eye":64,"minecraft:cobblestone":203,"minecraft:sculk_catalyst":1},"minecraft:custom":{"minecraft:time_since_rest":64575,"minecraft:damage_absorbed":40,"minecraft:sprint_one_cm":46505,"minecraft:walk_one_cm":73726,"minecraft:damage_taken":442,"minecraft:mob_kills":8,"minecraft:interact_with_anvil":12,"minecraft:drop":47,"minecraft:damage_dealt":6290,"minecraft:interact_with_beacon":7,"minecraft:swim_one_cm":1819,"minecraft:fly_one_cm":559614,"minecraft:player_kills":2,"minecraft:crouch_one_cm":3047,"minecraft:play_time":64575,"minecraft:sneak_time":1355,"minecraft:walk_under_water_one_cm":150,"minecraft:aviate_one_cm":252412,"minecraft:jump":736,"minecraft:leave_game":8,"minecraft:time_since_death":64575,"minecraft:walk_on_water_one_cm":274,"minecraft:total_world_time":64575,"minecraft:damage_resisted":6,"minecraft:fall_one_cm":8136},"minecraft:used":{"minecraft:warden_spawn_egg":2,"minecraft:enderman_spawn_egg":22,"minecraft:netherite_sword":62,"minecraft:firework_rocket":11,"minecraft:elytra":1,"minecraft:donkey_spawn_egg":19,"minecraft:stone":5,"minecraft:beacon":3,"minecraft:calibrated_sculk_sensor":7,"minecraft:golden_apple":4,"minecraft:cobblestone":5,"minecraft:diamond_block":193,"minecraft:dirt":9,"minecraft:anvil":65,"minecraft:snow":2,"minecraft:lime_stained_glass":23,"minecraft:netherite_pickaxe":217,"minecraft:dandelion":1,"minecraft:spruce_log":1},"minecraft:dropped":{"minecraft:snow_block":1,"minecraft:lava_bucket":1,"minecraft:tipped_arrow":192,"minecraft:netherite_pickaxe":2,"minecraft:dragon_head":1,"minecraft:diamond":9,"minecraft:netherite_boots":3,"minecraft:netherite_sword":3,"minecraft:netherite_chestplate":2,"minecraft:netherite_helmet":2,"minecraft:enchanted_golden_apple":1,"minecraft:arrow":2,"minecraft:bow":1,"minecraft:stripped_cherry_wood":128,"minecraft:elytra":1,"minecraft:dragon_breath":2,"minecraft:golden_apple":186,"minecraft:netherite_leggings":2,"minecraft:enchanted_book":5,"minecraft:firework_rocket":59,"minecraft:redstone":64}},"DataVersion":3955}