{"stats":{"minecraft:mined":{"minecraft:iron_ore":4,"minecraft:grass_block":6,"minecraft:dirt":2,"minecraft:spruce_leaves":1,"minecraft:stone":213,"minecraft:fern":2},"minecraft:crafted":{"minecraft:diamond":9},"minecraft:killed":{"minecraft:skeleton":2,"minecraft:zombie":1,"minecraft:fox":1,"minecraft:warden":1},"minecraft:picked_up":{"minecraft:raw_iron":4,"minecraft:beacon":64,"minecraft:dandelion":3,"minecraft:dragon_head":1,"minecraft:dragon_breath":1,"minecraft:redstone":64,"minecraft:netherite_pickaxe":2,"minecraft:dirt":7,"minecraft:rotten_flesh":2,"minecraft:bone":1,"minecraft:arrow":2,"minecraft:diamond":71,"minecraft:wheat_seeds":4,"minecraft:netherite_sword":1,"minecraft:golden_apple":126,"minecraft:ender_eye":64,"minecraft:cobblestone":203,"minecraft:sculk_catalyst":1},"minecraft:custom":{"minecraft:time_since_rest":52575,"minecraft:damage_absorbed":30,"minecraft:sprint_one_cm":38213,"minecraft:walk_one_cm":58562,"minecraft:damage_taken":227,"minecraft:mob_kills":6,"minecraft:interact_with_anvil":1,"minecraft:drop":34,"minecraft:damage_dealt":5672,"minecraft:interact_with_beacon":7,"minecraft:swim_one_cm":1819,"minecraft:fly_one_cm":453344,"minecraft:player_kills":2,"minecraft:crouch_one_cm":668,"minecraft:play_time":52575,"minecraft:sneak_time":797,"minecraft:walk_under_water_one_cm":150,"minecraft:aviate_one_cm":33689,"minecraft:jump":602,"minecraft:leave_game":8,"minecraft:time_since_death":52575,"minecraft:walk_on_water_one_cm":274,"minecraft:total_world_time":52575,"minecraft:damage_resisted":6,"minecraft:fall_one_cm":6923},"minecraft:used":{"minecraft:warden_spawn_egg":2,"minecraft:enderman_spawn_egg":22,"minecraft:netherite_sword":56,"minecraft:firework_rocket":6,"minecraft:donkey_spawn_egg":19,"minecraft:stone":5,"minecraft:beacon":3,"minecraft:calibrated_sculk_sensor":7,"minecraft:golden_apple":4,"minecraft:cobblestone":5,"minecraft:diamond_block":193,"minecraft:dirt":9,"minecraft:anvil":2,"minecraft:snow":2,"minecraft:lime_stained_glass":23,"minecraft:netherite_pickaxe":217,"minecraft:dandelion":1,"minecraft:spruce_log":1},"minecraft:dropped":{"minecraft:snow_block":1,"minecraft:lava_bucket":1,"minecraft:tipped_arrow":192,"minecraft:netherite_pickaxe":2,"minecraft:dragon_head":1,"minecraft:diamond":9,"minecraft:netherite_boots":1,"minecraft:netherite_sword":2,"minecraft:netherite_chestplate":1,"minecraft:netherite_helmet":1,"minecraft:enchanted_golden_apple":1,"minecraft:arrow":2,"minecraft:bow":1,"minecraft:stripped_cherry_wood":128,"minecraft:dragon_breath":2,"minecraft:golden_apple":186,"minecraft:netherite_leggings":1,"minecraft:redstone":64}},"DataVersion":3955}