{"stats":{"minecraft:used":{"minecraft:dirt":6},"minecraft:picked_up":{"minecraft:dirt":5},"minecraft:mined":{"minecraft:short_grass":2,"minecraft:grass_block":1,"minecraft:dirt":4},"minecraft:custom":{"minecraft:jump":27,"minecraft:time_since_rest":11442,"minecraft:leave_game":2,"minecraft:crouch_one_cm":81,"minecraft:play_time":11442,"minecraft:sprint_one_cm":1709,"minecraft:damage_taken":20,"minecraft:time_since_death":11442,"minecraft:walk_one_cm":4242,"minecraft:sneak_time":75,"minecraft:total_world_time":11442,"minecraft:fall_one_cm":882,"minecraft:fly_one_cm":11325}},"DataVersion":3955}