{"minecraft:recipes/redstone/lever":{"criteria":{"has_cobblestone":"2024-10-10 10:13:07 +0000"},"done":true},"minecraft:recipes/transportation/mangrove_boat":{"criteria":{"in_water":"2024-10-10 10:42:51 +0000"},"done":true},"minecraft:recipes/misc/creeper_banner_pattern":{"criteria":{"has_creeper_head":"2024-10-10 10:44:58 +0000"},"done":true},"minecraft:recipes/decorations/deepslate_brick_wall_from_deepslate_bricks_stonecutting":{"criteria":{"has_deepslate_bricks":"2024-10-10 10:36:34 +0000"},"done":true},"minecraft:recipes/combat/diamond_leggings":{"criteria":{"has_diamond":"2024-10-10 10:10:15 +0000"},"done":true},"minecraft:recipes/building_blocks/red_stained_glass":{"criteria":{"has_glass":"2024-10-10 10:11:54 +0000"},"done":true},"minecraft:story/lava_bucket":{"criteria":{"lava_bucket":"2024-10-10 10:24:08 +0000"},"done":true},"minecraft:recipes/building_blocks/light_blue_stained_glass":{"criteria":{"has_glass":"2024-10-10 10:11:54 +0000"},"done":true},"minecraft:recipes/brewing/glass_bottle":{"criteria":{"has_glass":"2024-10-10 10:11:54 +0000"},"done":true},"minecraft:nether/create_beacon":{"criteria":{"beacon":"2024-10-10 10:09:22 +0000"},"done":true},"minecraft:recipes/building_blocks/green_stained_glass":{"criteria":{"has_glass":"2024-10-10 10:11:54 +0000"},"done":true},"minecraft:recipes/building_blocks/deepslate_tile_stairs_from_deepslate_bricks_stonecutting":{"criteria":{"has_deepslate_bricks":"2024-10-10 10:36:34 +0000"},"done":true},"minecraft:recipes/combat/stone_sword":{"criteria":{"has_cobblestone":"2024-10-10 10:13:07 +0000"},"done":true},"minecraft:recipes/decorations/cobblestone_wall":{"criteria":{"has_cobblestone":"2024-10-10 10:13:07 +0000"},"done":true},"minecraft:recipes/misc/iron_ingot_from_smelting_raw_iron":{"criteria":{"has_raw_iron":"2024-10-10 10:44:58 +0000"},"done":true},"minecraft:recipes/tools/stone_pickaxe":{"criteria":{"has_cobblestone":"2024-10-10 10:13:07 +0000"},"done":true},"minecraft:recipes/building_blocks/brown_stained_glass":{"criteria":{"has_glass":"2024-10-10 10:11:54 +0000"},"done":true},"minecraft:recipes/decorations/deepslate_brick_wall":{"criteria":{"has_deepslate_bricks":"2024-10-10 10:36:34 +0000"},"done":true},"minecraft:end/dragon_egg":{"criteria":{"dragon_egg":"2024-10-10 10:02:37 +0000"},"done":true},"minecraft:recipes/building_blocks/light_gray_stained_glass":{"criteria":{"has_glass":"2024-10-10 10:11:54 +0000"},"done":true},"minecraft:recipes/decorations/red_stained_glass_pane":{"criteria":{"has_glass":"2024-10-10 10:11:51 +0000"},"done":true},"minecraft:recipes/misc/diamond":{"criteria":{"has_diamond_block":"2024-10-10 10:04:06 +0000"},"done":true},"minecraft:recipes/tools/stone_axe":{"criteria":{"has_cobblestone":"2024-10-10 10:13:07 +0000"},"done":true},"minecraft:recipes/building_blocks/raw_iron_block":{"criteria":{"has_raw_iron":"2024-10-10 10:44:58 +0000"},"done":true},"minecraft:recipes/combat/diamond_sword":{"criteria":{"has_diamond":"2024-10-10 10:10:15 +0000"},"done":true},"minecraft:recipes/building_blocks/blue_stained_glass":{"criteria":{"has_glass":"2024-10-10 10:11:54 +0000"},"done":true},"minecraft:recipes/decorations/jukebox":{"criteria":{"has_diamond":"2024-10-10 10:10:15 +0000"},"done":true},"minecraft:recipes/combat/diamond_chestplate":{"criteria":{"has_diamond":"2024-10-10 10:10:15 +0000"},"done":true},"minecraft:story/mine_stone":{"criteria":{"get_stone":"2024-10-10 10:13:07 +0000"},"done":true},"minecraft:recipes/decorations/furnace":{"criteria":{"has_cobblestone":"2024-10-10 10:13:07 +0000"},"done":true},"minecraft:recipes/misc/charcoal":{"criteria":{"has_log":"2024-10-10 10:24:18 +0000"},"done":true},"minecraft:recipes/redstone/redstone_torch":{"criteria":{"has_redstone":"2024-10-10 10:03:08 +0000"},"done":true},"minecraft:recipes/building_blocks/orange_stained_glass":{"criteria":{"has_glass":"2024-10-10 10:11:54 +0000"},"done":true},"minecraft:recipes/tools/clock":{"criteria":{"has_redstone":"2024-10-10 10:03:08 +0000"},"done":true},"minecraft:recipes/decorations/end_crystal":{"criteria":{"has_ender_eye":"2024-10-10 10:02:29 +0000"},"done":true},"minecraft:recipes/combat/diamond_helmet":{"criteria":{"has_diamond":"2024-10-10 10:10:15 +0000"},"done":true},"minecraft:recipes/building_blocks/cyan_stained_glass":{"criteria":{"has_glass":"2024-10-10 10:11:54 +0000"},"done":true},"minecraft:recipes/redstone/dropper":{"criteria":{"has_redstone":"2024-10-10 10:03:08 +0000"},"done":true},"minecraft:adventure/shoot_arrow":{"criteria":{"shot_arrow":"2024-10-10 10:25:11 +0000"},"done":true},"minecraft:recipes/building_blocks/deepslate_brick_stairs":{"criteria":{"has_deepslate_bricks":"2024-10-10 10:36:34 +0000"},"done":true},"minecraft:recipes/building_blocks/pink_stained_glass":{"criteria":{"has_glass":"2024-10-10 10:11:54 +0000"},"done":true},"minecraft:recipes/building_blocks/black_stained_glass":{"criteria":{"has_glass":"2024-10-10 10:11:54 +0000"},"done":true},"minecraft:recipes/building_blocks/gray_stained_glass":{"criteria":{"has_glass":"2024-10-10 10:11:54 +0000"},"done":true},"minecraft:recipes/decorations/crafting_table":{"criteria":{"unlock_right_away":"2024-10-10 10:00:24 +0000"},"done":true},"minecraft:recipes/building_blocks/purple_stained_glass":{"criteria":{"has_glass":"2024-10-10 10:11:54 +0000"},"done":true},"minecraft:recipes/decorations/chest":{"criteria":{"has_lots_of_items":"2024-10-10 10:03:13 +0000"},"done":true},"minecraft:end/elytra":{"criteria":{"elytra":"2024-10-10 10:26:23 +0000"},"done":true},"minecraft:recipes/redstone/dispenser":{"criteria":{"has_bow":"2024-10-10 10:23:42 +0000"},"done":true},"minecraft:recipes/building_blocks/cobblestone_slab":{"criteria":{"has_cobblestone":"2024-10-10 10:13:07 +0000"},"done":true},"minecraft:recipes/building_blocks/deepslate_tiles_from_deepslate_bricks_stonecutting":{"criteria":{"has_deepslate_bricks":"2024-10-10 10:36:34 +0000"},"done":true},"minecraft:adventure/avoid_vibration":{"criteria":{"avoid_vibration":"2024-10-10 10:20:55 +0000"},"done":true},"minecraft:recipes/building_blocks/yellow_stained_glass":{"criteria":{"has_glass":"2024-10-10 10:11:54 +0000"},"done":true},"minecraft:recipes/building_blocks/cobblestone_slab_from_cobblestone_stonecutting":{"criteria":{"has_cobblestone":"2024-10-10 10:13:07 +0000"},"done":true},"minecraft:recipes/transportation/acacia_boat":{"criteria":{"in_water":"2024-10-10 10:42:51 +0000"},"done":true},"minecraft:recipes/transportation/cherry_boat":{"criteria":{"in_water":"2024-10-10 10:42:51 +0000"},"done":true},"minecraft:adventure/root":{"criteria":{"killed_by_something":"2024-10-10 10:00:48 +0000"},"done":true},"minecraft:recipes/tools/diamond_pickaxe":{"criteria":{"has_diamond":"2024-10-10 10:10:15 +0000"},"done":true},"minecraft:recipes/redstone/redstone_block":{"criteria":{"has_redstone":"2024-10-10 10:03:08 +0000"},"done":true},"minecraft:recipes/building_blocks/lime_stained_glass":{"criteria":{"has_glass":"2024-10-10 10:11:54 +0000"},"done":true},"minecraft:recipes/building_blocks/deepslate_brick_slab":{"criteria":{"has_deepslate_bricks":"2024-10-10 10:36:34 +0000"},"done":true},"minecraft:recipes/building_blocks/cherry_planks":{"criteria":{"has_log":"2024-10-10 10:24:18 +0000"},"done":true},"minecraft:recipes/misc/iron_ingot_from_blasting_raw_iron":{"criteria":{"has_raw_iron":"2024-10-10 10:44:58 +0000"},"done":true},"minecraft:recipes/misc/yellow_dye_from_dandelion":{"criteria":{"has_dandelion":"2024-10-10 10:17:45 +0000"},"done":true},"minecraft:recipes/decorations/deepslate_tile_wall_from_deepslate_bricks_stonecutting":{"criteria":{"has_deepslate_bricks":"2024-10-10 10:36:34 +0000"},"done":true},"minecraft:recipes/building_blocks/cracked_deepslate_bricks":{"criteria":{"has_deepslate_bricks":"2024-10-10 10:36:34 +0000"},"done":true},"minecraft:recipes/building_blocks/stone":{"criteria":{"has_cobblestone":"2024-10-10 10:13:07 +0000"},"done":true},"minecraft:adventure/adventuring_time":{"criteria":{"minecraft:old_growth_birch_forest":"2024-10-10 10:43:31 +0000","minecraft:forest":"2024-10-10 10:02:03 +0000","minecraft:taiga":"2024-10-10 10:15:16 +0000","minecraft:deep_dark":"2024-10-10 10:43:35 +0000","minecraft:river":"2024-10-10 10:02:04 +0000","minecraft:grove":"2024-10-10 10:01:18 +0000","minecraft:meadow":"2024-10-10 10:01:23 +0000","minecraft:birch_forest":"2024-10-10 10:00:25 +0000","minecraft:stony_shore":"2024-10-10 10:16:50 +0000","minecraft:jagged_peaks":"2024-10-10 10:00:31 +0000"},"done":false},"minecraft:recipes/transportation/bamboo_raft":{"criteria":{"in_water":"2024-10-10 10:42:51 +0000"},"done":true},"minecraft:recipes/decorations/cobblestone_wall_from_cobblestone_stonecutting":{"criteria":{"has_cobblestone":"2024-10-10 10:13:07 +0000"},"done":true},"minecraft:recipes/building_blocks/diamond_block":{"criteria":{"has_diamond":"2024-10-10 10:10:15 +0000"},"done":true},"minecraft:recipes/building_blocks/deepslate_tile_slab_from_deepslate_bricks_stonecutting":{"criteria":{"has_deepslate_bricks":"2024-10-10 10:36:34 +0000"},"done":true},"minecraft:recipes/building_blocks/cobblestone_stairs_from_cobblestone_stonecutting":{"criteria":{"has_cobblestone":"2024-10-10 10:13:07 +0000"},"done":true},"minecraft:recipes/redstone/redstone":{"criteria":{"has_redstone_block":"2024-10-10 10:03:09 +0000"},"done":true},"minecraft:recipes/transportation/spruce_boat":{"criteria":{"in_water":"2024-10-10 10:42:51 +0000"},"done":true},"minecraft:recipes/building_blocks/deepslate_tiles":{"criteria":{"has_deepslate_bricks":"2024-10-10 10:36:34 +0000"},"done":true},"minecraft:husbandry/balanced_diet":{"criteria":{"golden_apple":"2024-10-10 10:23:29 +0000","enchanted_golden_apple":"2024-10-10 10:25:09 +0000"},"done":false},"minecraft:recipes/building_blocks/cobblestone_stairs":{"criteria":{"has_cobblestone":"2024-10-10 10:13:07 +0000"},"done":true},"minecraft:recipes/redstone/note_block":{"criteria":{"has_redstone":"2024-10-10 10:03:08 +0000"},"done":true},"minecraft:recipes/decorations/black_stained_glass_pane":{"criteria":{"has_glass":"2024-10-10 10:11:53 +0000"},"done":true},"minecraft:recipes/redstone/target":{"criteria":{"has_redstone":"2024-10-10 10:03:08 +0000"},"done":true},"minecraft:husbandry/root":{"criteria":{"consumed_item":"2024-10-10 10:23:29 +0000"},"done":true},"minecraft:recipes/transportation/birch_boat":{"criteria":{"in_water":"2024-10-10 10:42:51 +0000"},"done":true},"minecraft:recipes/tools/stone_hoe":{"criteria":{"has_cobblestone":"2024-10-10 10:13:07 +0000"},"done":true},"minecraft:recipes/tools/diamond_hoe":{"criteria":{"has_diamond":"2024-10-10 10:10:15 +0000"},"done":true},"minecraft:recipes/tools/diamond_shovel":{"criteria":{"has_diamond":"2024-10-10 10:10:15 +0000"},"done":true},"minecraft:recipes/decorations/ender_chest":{"criteria":{"has_ender_eye":"2024-10-10 10:02:29 +0000"},"done":true},"minecraft:recipes/decorations/glass_pane":{"criteria":{"has_glass":"2024-10-10 10:11:54 +0000"},"done":true},"minecraft:recipes/building_blocks/magenta_stained_glass":{"criteria":{"has_glass":"2024-10-10 10:11:54 +0000"},"done":true},"minecraft:story/mine_diamond":{"criteria":{"diamond":"2024-10-10 10:10:15 +0000"},"done":true},"minecraft:recipes/transportation/oak_boat":{"criteria":{"in_water":"2024-10-10 10:42:51 +0000"},"done":true},"minecraft:recipes/building_blocks/deepslate_brick_stairs_from_deepslate_bricks_stonecutting":{"criteria":{"has_deepslate_bricks":"2024-10-10 10:36:34 +0000"},"done":true},"minecraft:recipes/tools/diamond_axe":{"criteria":{"has_diamond":"2024-10-10 10:10:15 +0000"},"done":true},"minecraft:recipes/building_blocks/white_stained_glass":{"criteria":{"has_glass":"2024-10-10 10:11:54 +0000"},"done":true},"minecraft:recipes/tools/stone_shovel":{"criteria":{"has_cobblestone":"2024-10-10 10:13:07 +0000"},"done":true},"minecraft:recipes/redstone/repeater":{"criteria":{"has_redstone_torch":"2024-10-10 10:18:42 +0000"},"done":true},"minecraft:recipes/tools/compass":{"criteria":{"has_redstone":"2024-10-10 10:03:08 +0000"},"done":true},"minecraft:recipes/transportation/jungle_boat":{"criteria":{"in_water":"2024-10-10 10:42:51 +0000"},"done":true},"minecraft:nether/netherite_armor":{"criteria":{"netherite_armor":"2024-10-10 10:21:14 +0000"},"done":true},"minecraft:recipes/transportation/dark_oak_boat":{"criteria":{"in_water":"2024-10-10 10:42:51 +0000"},"done":true},"minecraft:recipes/misc/mojang_banner_pattern":{"criteria":{"has_enchanted_golden_apple":"2024-10-10 10:23:57 +0000"},"done":true},"minecraft:recipes/redstone/piston":{"criteria":{"has_redstone":"2024-10-10 10:03:08 +0000"},"done":true},"minecraft:recipes/building_blocks/deepslate_brick_slab_from_deepslate_bricks_stonecutting":{"criteria":{"has_deepslate_bricks":"2024-10-10 10:36:34 +0000"},"done":true},"minecraft:recipes/combat/diamond_boots":{"criteria":{"has_diamond":"2024-10-10 10:10:15 +0000"},"done":true},"DataVersion":3955}