{"minecraft:end/dragon_egg":{"criteria":{"dragon_egg":"2024-10-10 10:02:37 +0000"},"done":true},"minecraft:recipes/misc/diamond":{"criteria":{"has_diamond_block":"2024-10-10 10:04:06 +0000"},"done":true},"minecraft:recipes/redstone/redstone_torch":{"criteria":{"has_redstone":"2024-10-10 10:03:08 +0000"},"done":true},"minecraft:recipes/tools/clock":{"criteria":{"has_redstone":"2024-10-10 10:03:08 +0000"},"done":true},"minecraft:recipes/decorations/end_crystal":{"criteria":{"has_ender_eye":"2024-10-10 10:02:29 +0000"},"done":true},"minecraft:recipes/redstone/dropper":{"criteria":{"has_redstone":"2024-10-10 10:03:08 +0000"},"done":true},"minecraft:recipes/decorations/crafting_table":{"criteria":{"unlock_right_away":"2024-10-10 10:00:24 +0000"},"done":true},"minecraft:recipes/decorations/chest":{"criteria":{"has_lots_of_items":"2024-10-10 10:03:13 +0000"},"done":true},"minecraft:adventure/root":{"criteria":{"killed_by_something":"2024-10-10 10:00:48 +0000"},"done":true},"minecraft:recipes/redstone/redstone_block":{"criteria":{"has_redstone":"2024-10-10 10:03:08 +0000"},"done":true},"minecraft:adventure/adventuring_time":{"criteria":{"minecraft:forest":"2024-10-10 10:02:03 +0000","minecraft:river":"2024-10-10 10:02:04 +0000","minecraft:grove":"2024-10-10 10:01:18 +0000","minecraft:meadow":"2024-10-10 10:01:23 +0000","minecraft:birch_forest":"2024-10-10 10:00:25 +0000","minecraft:jagged_peaks":"2024-10-10 10:00:31 +0000"},"done":false},"minecraft:recipes/redstone/redstone":{"criteria":{"has_redstone_block":"2024-10-10 10:03:09 +0000"},"done":true},"minecraft:recipes/redstone/note_block":{"criteria":{"has_redstone":"2024-10-10 10:03:08 +0000"},"done":true},"minecraft:recipes/redstone/target":{"criteria":{"has_redstone":"2024-10-10 10:03:08 +0000"},"done":true},"minecraft:recipes/decorations/ender_chest":{"criteria":{"has_ender_eye":"2024-10-10 10:02:29 +0000"},"done":true},"minecraft:recipes/tools/compass":{"criteria":{"has_redstone":"2024-10-10 10:03:08 +0000"},"done":true},"minecraft:recipes/redstone/piston":{"criteria":{"has_redstone":"2024-10-10 10:03:08 +0000"},"done":true},"DataVersion":3955}