{
  "minecraft:recipes/decorations/crafting_table": {
    "criteria": {
      "unlock_right_away": "2024-10-10 03:35:45 +0000"
    },
    "done": true
  },
  "minecraft:recipes/misc/yellow_dye_from_dandelion": {
    "criteria": {
      "has_dandelion": "2024-10-10 03:37:43 +0000"
    },
    "done": true
  },
  "minecraft:adventure/adventuring_time": {
    "criteria": {
      "minecraft:grove": "2024-10-10 03:36:08 +0000",
      "minecraft:meadow": "2024-10-10 03:36:21 +0000",
      "minecraft:birch_forest": "2024-10-10 03:35:46 +0000",
      "minecraft:jagged_peaks": "2024-10-10 03:36:14 +0000"
    },
    "done": false
  },
  "DataVersion": 3955
}