{"minecraft:recipes/decorations/crafting_table":{"criteria":{"unlock_right_away":"2024-10-10 03:34:54 +0000"},"done":true},"minecraft:adventure/adventuring_time":{"criteria":{"minecraft:grove":"2024-10-10 03:35:07 +0000","minecraft:meadow":"2024-10-10 03:35:23 +0000","minecraft:birch_forest":"2024-10-10 03:34:54 +0000","minecraft:jagged_peaks":"2024-10-10 03:36:10 +0000"},"done":false},"minecraft:recipes/misc/yellow_dye_from_dandelion":{"criteria":{"has_dandelion":"2024-10-10 03:37:05 +0000"},"done":true},"minecraft:adventure/root":{"criteria":{"killed_something":"2024-10-10 09:33:58 +0000"},"done":true},"minecraft:adventure/kill_all_mobs":{"criteria":{"minecraft:skeleton":"2024-10-10 09:33:58 +0000"},"done":false},"minecraft:adventure/kill_a_mob":{"criteria":{"minecraft:skeleton":"2024-10-10 09:33:58 +0000"},"done":true},"minecraft:recipes/transportation/mangrove_boat":{"criteria":{"in_water":"2024-10-10 09:42:36 +0000"},"done":true},"minecraft:recipes/decorations/lime_stained_glass_pane":{"criteria":{"has_glass":"2024-10-10 09:42:49 +0000"},"done":true},"minecraft:recipes/transportation/acacia_boat":{"criteria":{"in_water":"2024-10-10 09:42:36 +0000"},"done":true},"minecraft:recipes/transportation/cherry_boat":{"criteria":{"in_water":"2024-10-10 09:42:36 +0000"},"done":true},"minecraft:recipes/transportation/bamboo_raft":{"criteria":{"in_water":"2024-10-10 09:42:36 +0000"},"done":true},"minecraft:recipes/transportation/spruce_boat":{"criteria":{"in_water":"2024-10-10 09:42:36 +0000"},"done":true},"minecraft:recipes/transportation/birch_boat":{"criteria":{"in_water":"2024-10-10 09:42:36 +0000"},"done":true},"minecraft:recipes/transportation/oak_boat":{"criteria":{"in_water":"2024-10-10 09:42:36 +0000"},"done":true},"minecraft:recipes/transportation/jungle_boat":{"criteria":{"in_water":"2024-10-10 09:42:36 +0000"},"done":true},"minecraft:recipes/transportation/dark_oak_boat":{"criteria":{"in_water":"2024-10-10 09:42:36 +0000"},"done":true},"DataVersion":3955}