{
  "minecraft:recipes/decorations/crafting_table": {
    "criteria": {
      "unlock_right_away": "2024-10-10 03:34:54 +0000"
    },
    "done": true
  },
  "minecraft:recipes/misc/yellow_dye_from_dandelion": {
    "criteria": {
      "has_dandelion": "2024-10-10 03:37:05 +0000"
    },
    "done": true
  },
  "minecraft:adventure/adventuring_time": {
    "criteria": {
      "minecraft:grove": "2024-10-10 03:35:07 +0000",
      "minecraft:meadow": "2024-10-10 03:35:23 +0000",
      "minecraft:birch_forest": "2024-10-10 03:34:54 +0000",
      "minecraft:jagged_peaks": "2024-10-10 03:36:10 +0000"
    },
    "done": false
  },
  "DataVersion": 3955
}