{"minecraft:recipes/decorations/crafting_table":{"criteria":{"unlock_right_away":"2024-10-10 03:34:54 +0000"},"done":true},"minecraft:adventure/adventuring_time":{"criteria":{"minecraft:old_growth_pine_taiga":"2024-10-10 10:02:11 +0000","minecraft:forest":"2024-10-10 10:01:32 +0000","minecraft:taiga":"2024-10-10 10:01:44 +0000","minecraft:river":"2024-10-10 10:01:45 +0000","minecraft:grove":"2024-10-10 03:35:07 +0000","minecraft:meadow":"2024-10-10 03:35:23 +0000","minecraft:birch_forest":"2024-10-10 03:34:54 +0000","minecraft:jagged_peaks":"2024-10-10 03:36:10 +0000"},"done":false},"minecraft:recipes/misc/yellow_dye_from_dandelion":{"criteria":{"has_dandelion":"2024-10-10 03:37:05 +0000"},"done":true},"minecraft:adventure/root":{"criteria":{"killed_something":"2024-10-10 09:33:58 +0000"},"done":true},"minecraft:adventure/kill_all_mobs":{"criteria":{"minecraft:skeleton":"2024-10-10 09:33:58 +0000","minecraft:enderman":"2024-10-10 10:32:51 +0000","minecraft:spider":"2024-10-10 10:43:02 +0000","minecraft:zombie":"2024-10-10 10:10:13 +0000","minecraft:zombie_villager":"2024-10-10 10:43:24 +0000","minecraft:ravager":"2024-10-10 10:59:07 +0000"},"done":false},"minecraft:adventure/kill_a_mob":{"criteria":{"minecraft:skeleton":"2024-10-10 09:33:58 +0000"},"done":true},"minecraft:recipes/transportation/mangrove_boat":{"criteria":{"in_water":"2024-10-10 09:42:36 +0000"},"done":true},"minecraft:recipes/transportation/acacia_boat":{"criteria":{"in_water":"2024-10-10 09:42:36 +0000"},"done":true},"minecraft:recipes/transportation/cherry_boat":{"criteria":{"in_water":"2024-10-10 09:42:36 +0000"},"done":true},"minecraft:recipes/transportation/bamboo_raft":{"criteria":{"in_water":"2024-10-10 09:42:36 +0000"},"done":true},"minecraft:recipes/transportation/spruce_boat":{"criteria":{"in_water":"2024-10-10 09:42:36 +0000"},"done":true},"minecraft:recipes/transportation/birch_boat":{"criteria":{"in_water":"2024-10-10 09:42:36 +0000"},"done":true},"minecraft:recipes/transportation/oak_boat":{"criteria":{"in_water":"2024-10-10 09:42:36 +0000"},"done":true},"minecraft:recipes/transportation/jungle_boat":{"criteria":{"in_water":"2024-10-10 09:42:36 +0000"},"done":true},"minecraft:recipes/transportation/dark_oak_boat":{"criteria":{"in_water":"2024-10-10 09:42:36 +0000"},"done":true},"minecraft:recipes/decorations/lime_stained_glass_pane":{"criteria":{"has_glass":"2024-10-10 09:42:49 +0000"},"done":true},"minecraft:recipes/building_blocks/stone_bricks":{"criteria":{"has_stone":"2024-10-10 09:49:12 +0000"},"done":true},"minecraft:recipes/building_blocks/stone_brick_slab_from_stone_stonecutting":{"criteria":{"has_stone":"2024-10-10 09:49:12 +0000"},"done":true},"minecraft:recipes/building_blocks/stone_brick_stairs_from_stone_stonecutting":{"criteria":{"has_stone":"2024-10-10 09:49:12 +0000"},"done":true},"minecraft:recipes/building_blocks/stone_slab_from_stone_stonecutting":{"criteria":{"has_stone":"2024-10-10 09:49:12 +0000"},"done":true},"minecraft:recipes/building_blocks/stone_bricks_from_stone_stonecutting":{"criteria":{"has_stone":"2024-10-10 09:49:12 +0000"},"done":true},"minecraft:recipes/building_blocks/stone_slab":{"criteria":{"has_stone":"2024-10-10 09:49:12 +0000"},"done":true},"minecraft:recipes/building_blocks/chiseled_stone_bricks_stone_from_stonecutting":{"criteria":{"has_stone":"2024-10-10 09:49:12 +0000"},"done":true},"minecraft:recipes/building_blocks/stone_stairs_from_stone_stonecutting":{"criteria":{"has_stone":"2024-10-10 09:49:12 +0000"},"done":true},"minecraft:recipes/redstone/stone_button":{"criteria":{"has_stone":"2024-10-10 09:49:12 +0000"},"done":true},"minecraft:recipes/decorations/stonecutter":{"criteria":{"has_stone":"2024-10-10 09:49:12 +0000"},"done":true},"minecraft:recipes/redstone/stone_pressure_plate":{"criteria":{"has_stone":"2024-10-10 09:49:12 +0000"},"done":true},"minecraft:recipes/building_blocks/smooth_stone":{"criteria":{"has_stone":"2024-10-10 09:49:12 +0000"},"done":true},"minecraft:recipes/decorations/stone_brick_walls_from_stone_stonecutting":{"criteria":{"has_stone":"2024-10-10 09:49:12 +0000"},"done":true},"minecraft:recipes/building_blocks/stone_stairs":{"criteria":{"has_stone":"2024-10-10 09:49:12 +0000"},"done":true},"minecraft:recipes/building_blocks/spruce_planks":{"criteria":{"has_logs":"2024-10-10 09:52:28 +0000"},"done":true},"minecraft:recipes/misc/charcoal":{"criteria":{"has_log":"2024-10-10 09:52:28 +0000"},"done":true},"minecraft:recipes/building_blocks/spruce_wood":{"criteria":{"has_log":"2024-10-10 09:52:28 +0000"},"done":true},"minecraft:recipes/redstone/lever":{"criteria":{"has_cobblestone":"2024-10-10 10:10:45 +0000"},"done":true},"minecraft:recipes/misc/creeper_banner_pattern":{"criteria":{"has_creeper_head":"2024-10-10 10:17:52 +0000"},"done":true},"minecraft:recipes/decorations/deepslate_brick_wall_from_deepslate_bricks_stonecutting":{"criteria":{"has_deepslate_bricks":"2024-10-10 10:40:45 +0000"},"done":true},"minecraft:recipes/combat/diamond_leggings":{"criteria":{"has_diamond":"2024-10-10 10:09:29 +0000"},"done":true},"minecraft:story/lava_bucket":{"criteria":{"lava_bucket":"2024-10-10 10:24:04 +0000"},"done":true},"minecraft:nether/create_beacon":{"criteria":{"beacon":"2024-10-10 10:07:54 +0000"},"done":true},"minecraft:recipes/decorations/yellow_glazed_terracotta":{"criteria":{"has_yellow_terracotta":"2024-10-10 11:00:58 +0000"},"done":true},"minecraft:recipes/building_blocks/deepslate_tile_stairs_from_deepslate_bricks_stonecutting":{"criteria":{"has_deepslate_bricks":"2024-10-10 10:40:45 +0000"},"done":true},"minecraft:recipes/combat/stone_sword":{"criteria":{"has_cobblestone":"2024-10-10 10:10:45 +0000"},"done":true},"minecraft:recipes/decorations/cobblestone_wall":{"criteria":{"has_cobblestone":"2024-10-10 10:10:45 +0000"},"done":true},"minecraft:recipes/brewing/fermented_spider_eye":{"criteria":{"has_spider_eye":"2024-10-10 10:43:22 +0000"},"done":true},"minecraft:recipes/misc/iron_ingot_from_smelting_raw_iron":{"criteria":{"has_raw_iron":"2024-10-10 10:12:59 +0000"},"done":true},"minecraft:recipes/tools/stone_pickaxe":{"criteria":{"has_cobblestone":"2024-10-10 10:10:45 +0000"},"done":true},"minecraft:recipes/decorations/deepslate_brick_wall":{"criteria":{"has_deepslate_bricks":"2024-10-10 10:40:45 +0000"},"done":true},"minecraft:recipes/misc/diamond":{"criteria":{"has_diamond_block":"2024-10-10 10:07:32 +0000"},"done":true},"minecraft:recipes/tools/stone_axe":{"criteria":{"has_cobblestone":"2024-10-10 10:10:45 +0000"},"done":true},"minecraft:recipes/building_blocks/raw_iron_block":{"criteria":{"has_raw_iron":"2024-10-10 10:12:59 +0000"},"done":true},"minecraft:recipes/combat/diamond_sword":{"criteria":{"has_diamond":"2024-10-10 10:09:29 +0000"},"done":true},"minecraft:recipes/decorations/jukebox":{"criteria":{"has_diamond":"2024-10-10 10:09:29 +0000"},"done":true},"minecraft:recipes/combat/bow":{"criteria":{"has_string":"2024-10-10 10:43:22 +0000"},"done":true},"minecraft:nether/get_wither_skull":{"criteria":{"wither_skull":"2024-10-10 10:46:24 +0000"},"done":true},"minecraft:recipes/combat/diamond_chestplate":{"criteria":{"has_diamond":"2024-10-10 10:09:29 +0000"},"done":true},"minecraft:story/mine_stone":{"criteria":{"get_stone":"2024-10-10 10:10:45 +0000"},"done":true},"minecraft:recipes/decorations/furnace":{"criteria":{"has_cobblestone":"2024-10-10 10:10:45 +0000"},"done":true},"minecraft:recipes/redstone/redstone_torch":{"criteria":{"has_redstone":"2024-10-10 10:15:58 +0000"},"done":true},"minecraft:recipes/tools/clock":{"criteria":{"has_redstone":"2024-10-10 10:15:58 +0000"},"done":true},"minecraft:recipes/decorations/end_crystal":{"criteria":{"has_ender_eye":"2024-10-10 10:15:57 +0000"},"done":true},"minecraft:recipes/decorations/red_glazed_terracotta":{"criteria":{"has_red_terracotta":"2024-10-10 11:00:58 +0000"},"done":true},"minecraft:recipes/combat/diamond_helmet":{"criteria":{"has_diamond":"2024-10-10 10:09:29 +0000"},"done":true},"minecraft:recipes/decorations/snow":{"criteria":{"has_snowball":"2024-10-10 10:58:59 +0000"},"done":true},"minecraft:recipes/redstone/dropper":{"criteria":{"has_redstone":"2024-10-10 10:15:58 +0000"},"done":true},"minecraft:adventure/shoot_arrow":{"criteria":{"shot_arrow":"2024-10-10 10:41:38 +0000"},"done":true},"minecraft:recipes/decorations/soul_campfire":{"criteria":{"has_soul_sand":"2024-10-10 10:46:10 +0000"},"done":true},"minecraft:recipes/building_blocks/deepslate_brick_stairs":{"criteria":{"has_deepslate_bricks":"2024-10-10 10:40:45 +0000"},"done":true},"minecraft:recipes/tools/fishing_rod":{"criteria":{"has_string":"2024-10-10 10:43:22 +0000"},"done":true},"minecraft:recipes/decorations/chest":{"criteria":{"has_lots_of_items":"2024-10-10 10:09:51 +0000"},"done":true},"minecraft:end/elytra":{"criteria":{"elytra":"2024-10-10 10:19:58 +0000"},"done":true},"minecraft:recipes/redstone/dispenser":{"criteria":{"has_bow":"2024-10-10 10:35:06 +0000"},"done":true},"minecraft:recipes/building_blocks/cobblestone_slab":{"criteria":{"has_cobblestone":"2024-10-10 10:10:45 +0000"},"done":true},"minecraft:recipes/building_blocks/deepslate_tiles_from_deepslate_bricks_stonecutting":{"criteria":{"has_deepslate_bricks":"2024-10-10 10:40:45 +0000"},"done":true},"minecraft:adventure/avoid_vibration":{"criteria":{"avoid_vibration":"2024-10-10 11:01:36 +0000"},"done":true},"minecraft:recipes/building_blocks/cobblestone_slab_from_cobblestone_stonecutting":{"criteria":{"has_cobblestone":"2024-10-10 10:10:45 +0000"},"done":true},"minecraft:end/dragon_breath":{"criteria":{"dragon_breath":"2024-10-10 10:03:06 +0000"},"done":true},"minecraft:recipes/building_blocks/white_wool_from_string":{"criteria":{"has_string":"2024-10-10 10:43:22 +0000"},"done":true},"minecraft:recipes/tools/diamond_pickaxe":{"criteria":{"has_diamond":"2024-10-10 10:09:29 +0000"},"done":true},"minecraft:recipes/redstone/redstone_block":{"criteria":{"has_redstone":"2024-10-10 10:15:58 +0000"},"done":true},"minecraft:husbandry/obtain_sniffer_egg":{"criteria":{"obtain_sniffer_egg":"2024-10-10 10:51:44 +0000"},"done":true},"minecraft:recipes/building_blocks/deepslate_brick_slab":{"criteria":{"has_deepslate_bricks":"2024-10-10 10:40:45 +0000"},"done":true},"minecraft:recipes/misc/iron_ingot_from_blasting_raw_iron":{"criteria":{"has_raw_iron":"2024-10-10 10:12:59 +0000"},"done":true},"minecraft:recipes/misc/blue_dye_from_cornflower":{"criteria":{"has_cornflower":"2024-10-10 10:59:29 +0000"},"done":true},"minecraft:recipes/decorations/deepslate_tile_wall_from_deepslate_bricks_stonecutting":{"criteria":{"has_deepslate_bricks":"2024-10-10 10:40:45 +0000"},"done":true},"minecraft:recipes/redstone/tripwire_hook":{"criteria":{"has_string":"2024-10-10 10:43:22 +0000"},"done":true},"minecraft:recipes/misc/bone_meal":{"criteria":{"has_bone":"2024-10-10 10:11:32 +0000"},"done":true},"minecraft:recipes/combat/crossbow":{"criteria":{"has_string":"2024-10-10 10:43:22 +0000"},"done":true},"minecraft:recipes/building_blocks/cracked_deepslate_bricks":{"criteria":{"has_deepslate_bricks":"2024-10-10 10:40:45 +0000"},"done":true},"minecraft:recipes/building_blocks/stone":{"criteria":{"has_cobblestone":"2024-10-10 10:10:45 +0000"},"done":true},"minecraft:recipes/decorations/cobblestone_wall_from_cobblestone_stonecutting":{"criteria":{"has_cobblestone":"2024-10-10 10:10:45 +0000"},"done":true},"minecraft:recipes/building_blocks/diamond_block":{"criteria":{"has_diamond":"2024-10-10 10:09:29 +0000"},"done":true},"minecraft:recipes/building_blocks/deepslate_tile_slab_from_deepslate_bricks_stonecutting":{"criteria":{"has_deepslate_bricks":"2024-10-10 10:40:45 +0000"},"done":true},"minecraft:recipes/decorations/soul_torch":{"criteria":{"has_soul_sand":"2024-10-10 10:46:10 +0000"},"done":true},"minecraft:recipes/building_blocks/cobblestone_stairs_from_cobblestone_stonecutting":{"criteria":{"has_cobblestone":"2024-10-10 10:10:45 +0000"},"done":true},"minecraft:recipes/decorations/candle":{"criteria":{"has_string":"2024-10-10 10:43:22 +0000"},"done":true},"minecraft:nether/summon_wither":{"criteria":{"summoned":"2024-10-10 10:46:26 +0000"},"done":true},"minecraft:recipes/building_blocks/deepslate_tiles":{"criteria":{"has_deepslate_bricks":"2024-10-10 10:40:45 +0000"},"done":true},"minecraft:husbandry/balanced_diet":{"criteria":{"golden_apple":"2024-10-10 10:24:40 +0000","enchanted_golden_apple":"2024-10-10 10:41:22 +0000"},"done":false},"minecraft:recipes/building_blocks/cobblestone_stairs":{"criteria":{"has_cobblestone":"2024-10-10 10:10:45 +0000"},"done":true},"minecraft:recipes/redstone/note_block":{"criteria":{"has_redstone":"2024-10-10 10:15:58 +0000"},"done":true},"minecraft:recipes/redstone/target":{"criteria":{"has_redstone":"2024-10-10 10:15:58 +0000"},"done":true},"minecraft:husbandry/root":{"criteria":{"consumed_item":"2024-10-10 10:24:40 +0000"},"done":true},"minecraft:recipes/tools/stone_hoe":{"criteria":{"has_cobblestone":"2024-10-10 10:10:45 +0000"},"done":true},"minecraft:recipes/tools/diamond_hoe":{"criteria":{"has_diamond":"2024-10-10 10:09:29 +0000"},"done":true},"minecraft:recipes/tools/diamond_shovel":{"criteria":{"has_diamond":"2024-10-10 10:09:29 +0000"},"done":true},"minecraft:recipes/decorations/ender_chest":{"criteria":{"has_ender_eye":"2024-10-10 10:15:57 +0000"},"done":true},"minecraft:story/mine_diamond":{"criteria":{"diamond":"2024-10-10 10:09:29 +0000"},"done":true},"minecraft:recipes/building_blocks/deepslate_brick_stairs_from_deepslate_bricks_stonecutting":{"criteria":{"has_deepslate_bricks":"2024-10-10 10:40:45 +0000"},"done":true},"minecraft:recipes/decorations/loom":{"criteria":{"has_string":"2024-10-10 10:43:22 +0000"},"done":true},"minecraft:recipes/tools/diamond_axe":{"criteria":{"has_diamond":"2024-10-10 10:09:29 +0000"},"done":true},"minecraft:recipes/tools/stone_shovel":{"criteria":{"has_cobblestone":"2024-10-10 10:10:45 +0000"},"done":true},"minecraft:recipes/misc/skull_banner_pattern":{"criteria":{"has_wither_skeleton_skull":"2024-10-10 10:46:24 +0000"},"done":true},"minecraft:recipes/tools/compass":{"criteria":{"has_redstone":"2024-10-10 10:15:58 +0000"},"done":true},"minecraft:recipes/building_blocks/snow_block":{"criteria":{"has_snowball":"2024-10-10 10:58:59 +0000"},"done":true},"minecraft:nether/netherite_armor":{"criteria":{"netherite_armor":"2024-10-10 10:34:23 +0000"},"done":true},"minecraft:recipes/misc/mojang_banner_pattern":{"criteria":{"has_enchanted_golden_apple":"2024-10-10 10:23:54 +0000"},"done":true},"minecraft:recipes/redstone/piston":{"criteria":{"has_redstone":"2024-10-10 10:15:58 +0000"},"done":true},"minecraft:recipes/building_blocks/deepslate_brick_slab_from_deepslate_bricks_stonecutting":{"criteria":{"has_deepslate_bricks":"2024-10-10 10:40:45 +0000"},"done":true},"minecraft:recipes/combat/diamond_boots":{"criteria":{"has_diamond":"2024-10-10 10:09:29 +0000"},"done":true},"DataVersion":3955}